n_estimators,num_leaves,learning_rate,k,accuracy,precision_1,recall_1,profit_1,max_drawdown_1,precision_0,recall_0,profit_0,max_drawdown_0
50,5,0.05,1,0.3734000266266,0.40939082399877247,0.5388266181965061,0.2576429683832089,-41.14540066251076,0.33801063709403645,0.4644449051518607,-0.5516659378527278,-62.06409928215863
50,5,0.05,2,0.3720686966279313,0.35969205060873716,0.6086034534989397,0.0281483063642618,-40.41878609065677,0.3938217863324068,0.38918834870944335,-0.6368701841183251,-66.62251750633455
50,5,0.05,3,0.37231594362768405,0.36594615092908606,0.68211653034434,0.6699548606553538,-34.56518979958398,0.38733158802119916,0.31439825852596665,-0.38843272776805826,-46.956555856843266
50,5,0.05,4,0.37454116662545883,0.36705351561438315,0.681864081591437,0.8869253174447798,-39.87129106715008,0.39199290510578993,0.32072146781382815,-0.30577653254172654,-36.39620528268228
50,5,0.05,5,0.4036402365963598,0.40156935946627953,0.5865394324952035,0.7225319346720114,-33.29681616667677,0.40617336152219874,0.4978749870426039,-0.4083978903676876,-57.62423276020529
50,5,0.05,6,0.40314574259685426,0.4009406231628454,0.585378168231849,0.7604536949454515,-30.810957893517102,0.40584058828501396,0.4977194982896237,-0.39523748504540146,-56.31940870305985
50,5,0.05,7,0.4032027995967972,0.40108960476448297,0.5984550136322326,0.6408112360377001,-34.419178314350276,0.40591479567464284,0.4844511247019799,-0.43478372135786225,-58.41790655246861
50,5,0.05,8,0.40333593259666406,0.40158340158340156,0.5941633848328789,0.5292318816081767,-31.38874927389511,0.40554242749731473,0.4892194464600394,-0.47407113938974865,-58.79914168248999
50,5,0.05,9,0.4042298255957702,0.40245561526426776,0.59744521862062,0.8812608365442227,-29.720318159679252,0.40648056262674204,0.48828651394215816,-0.3504136174651393,-52.54897645460104
50,5,0.05,10,0.4039065025960935,0.4021131768769684,0.599515298394426,0.9429957724463884,-29.982074675471743,0.4062039045553145,0.48528039805120765,-0.3288078772917251,-54.61781974145405
50,5,0.05,11,0.40352612259647386,0.40203692349615094,0.5959305261032011,0.6596236939171976,-32.522281729572065,0.40540889711898714,0.48792370685187103,-0.42716920831726335,-55.716536070176275
50,5,0.05,12,0.4041157115958843,0.4022220707518233,0.5958800363526204,0.807221157393238,-30.212002391281345,0.4065068640530189,0.48958225355032653,-0.37512006941095444,-51.883614412049226
50,5,0.1,1,0.3732668936267331,0.4168484728282428,0.42446733313137436,0.504333352814486,-28.98368744859313,0.34614791274567275,0.5814761065616254,-0.4862137813091334,-58.795798927379074
50,5,0.1,2,0.37328591262671407,0.36039124139357587,0.6157729980813895,0.2240828099404959,-36.50133674739397,0.39657380723663144,0.3851456411319581,-0.5737638044358593,-60.96999819660148
50,5,0.1,3,0.3727533806272466,0.36651979808000934,0.6342017570433202,0.36290933396007974,-42.02117065322448,0.3844221105527638,0.3647766144915518,-0.5100066348192234,-60.61989176700907
50,5,0.1,4,0.37492154662507843,0.36913674113931455,0.6373321215793194,0.787541517452246,-31.355559674625635,0.38568242397867597,0.36747175287654193,-0.3560075492290474,-48.7041255159063
50,5,0.1,5,0.40310770459689227,0.40158367059651595,0.5761385438755933,0.9670955802216705,-30.791694762673917,0.4048998510180434,0.5071006530527625,-0.32454284558551405,-53.35065645947485
50,5,0.1,6,0.4030886855969113,0.401783187093122,0.5733616075936585,1.0504887619557648,-29.867879477778416,0.4046062101583385,0.5098994506064062,-0.2975402031097799,-53.36465336699503
50,5,0.1,7,0.4032218185967782,0.40143920075453243,0.5802282136726244,0.7462751954917122,-29.854904015267934,0.40535237140948566,0.5032134342282575,-0.40104374725316605,-57.61497711077862
50,5,0.1,8,0.4031837805968162,0.40166571346868746,0.5673533272745632,0.7440335924286352,-28.934692660315193,0.4049099703288217,0.5163263190629211,-0.4039353140278127,-54.0675017409017
50,5,0.1,9,0.4040015975959984,0.4052365159713737,0.5860850247399778,0.943243581350119,-29.741970879151623,0.4025236065847748,0.49932621540375244,-0.3310374685104802,-52.996083934326435
50,5,0.1,10,0.4036402365963598,0.4022487844408428,0.6014843986670706,1.0472805299721757,-29.776398705122332,0.4054348299438227,0.48253343008189076,-0.2893641932149764,-50.77358008012697
50,5,0.1,11,0.4032027995967972,0.40255362614913176,0.5969403211148137,0.8753765591126461,-35.872085062523425,0.40402430091774744,0.4860060122317819,-0.3496000744356891,-52.86044479993011
50,5,0.1,12,0.40343102759656896,0.40319608697108783,0.6076441482379077,0.6793080054943712,-35.745290916791475,0.4037395512538495,0.47564009536643514,-0.4153471837717363,-53.457040203238776
50,5,0.2,1,0.3735331596264668,0.4181846012551661,0.41381399575886096,1.0141356806787751,-19.83062559847187,0.3469981807155852,0.5931377630351404,-0.31796134056267444,-42.670018500680925
50,5,0.2,2,0.3729816086270184,0.36358951233653286,0.5699283045541755,-0.015496547358336832,-34.25627077580719,0.38652301119212373,0.4313776303514046,-0.663364227271258,-70.30225329998477
50,5,0.2,3,0.37313376062686626,0.36560735602516536,0.5721498535797234,0.1793423957206195,-32.32197833675269,0.38394180874722017,0.42951176531564217,-0.5900362020692438,-65.3635610509714
50,5,0.2,4,0.3745031286254969,0.36805968178517195,0.5629607189740483,0.2651621164180802,-32.03409271478,0.3833310892688838,0.44267647973463253,-0.5646206585021234,-66.98021625949202
50,5,0.2,5,0.40149108959850893,0.40030771382614166,0.5780066646470766,0.44804243965158075,-33.61419085637493,0.40290229765230806,0.500777443764901,-0.5053146843904568,-61.822987861876946
50,5,0.2,6,0.4012818805987181,0.40142796248934354,0.5705846713117237,0.27995966234569947,-33.53786816001153,0.4005835936215683,0.5051829584326734,-0.5712092755645308,-67.16111777604704
50,5,0.2,7,0.4028224195971776,0.3992979074889868,0.585782086236494,0.8747460026442113,-28.55047519249691,0.4064929517300299,0.4932103244531979,-0.3739738994399726,-56.868911971647314
50,5,0.2,8,0.4034500465965499,0.40387204774555113,0.5603352519438554,0.9230852641672487,-31.905543448,0.4028011878962999,0.5202135378874262,-0.34978284388783654,-54.95536128643781
50,5,0.2,9,0.40162422259837577,0.40368621370171975,0.5783600929011411,0.7431010744188808,-34.963050030281394,0.39915566408675135,0.4998445112470198,-0.41091768818111296,-56.523256081626364
50,5,0.2,10,0.4012438425987562,0.4022452201368181,0.578915480157528,0.9975610857462653,-32.38364917596523,0.39982542189708203,0.4985487716388515,-0.3207526324758079,-54.033650490369375
50,5,0.2,11,0.40274634359725364,0.4023731703851073,0.5718469150762395,0.39516263379419025,-32.1104535059198,0.4024350115169464,0.5071006530527625,-0.5310298836678309,-65.45217232840612
50,5,0.2,12,0.401395994598604,0.40202253481699207,0.5800767444208825,0.2746028237567366,-39.27174011853356,0.40050913947082883,0.4974085207836633,-0.5673763502812204,-65.47072748377886
50,20,0.05,1,0.3735331596264668,0.4152991000529381,0.4753105119660709,0.4826090678474457,-34.09488656432329,0.34188091337634985,0.5300093293251789,-0.48037802563771126,-60.23463394691408
50,20,0.05,2,0.37180243062819757,0.3604894314456878,0.6440977481571241,0.1696162777930137,-42.388255513954036,0.39509045430748646,0.35202653674717527,-0.5928006825776084,-68.4018619606683
50,20,0.05,3,0.37005268262994734,0.3971700198982976,0.4534989397152378,-0.20903715696496905,-36.49980976145118,0.34958617007075155,0.5429148958225355,-0.7252549558339754,-76.20600035037941
50,20,0.05,4,0.37052815762947183,0.38517934568387857,0.4933858426739372,0.15319029613537727,-29.860652424577562,0.35686721305450403,0.5032652638125842,-0.6007284521487444,-71.36045672236061
50,20,0.05,5,0.3995891896004108,0.3972617783797635,0.5479147733010199,0.824817802846783,-25.015222242667043,0.40210592985511834,0.5264849175909609,-0.3765294190386611,-63.56568227631413
50,20,0.05,6,0.40074934859925065,0.3982591376830303,0.5451883267696658,0.7923617247667618,-28.007285709940057,0.4034006125814812,0.5324453197885353,-0.38885242514641405,-60.17025507474615
50,20,0.05,7,0.4009015005990985,0.3976891805149419,0.5630616984752095,0.5588148190065294,-29.67627406069755,0.4045726861474508,0.5145122836114855,-0.4664731064625033,-58.74282779675749
50,20,0.05,8,0.40145305159854694,0.39768941810192077,0.5665959810158537,0.7391535447701012,-31.004539288295117,0.4058125692705554,0.5123872706540894,-0.4063176396372157,-55.21282386433945
50,20,0.05,9,0.4019665645980334,0.3980685182574369,0.5702312430576593,1.0174769836696784,-25.442200670376472,0.4065352997066964,0.5100549393593863,-0.31571069677239016,-46.73683153106985
50,20,0.05,10,0.40181441259818557,0.3985953200514586,0.5788145006563667,0.93604667296932,-27.2796902068223,0.4056766175420918,0.500777443764901,-0.334281544810619,-50.43439978960503
50,20,0.05,11,0.40236596359763405,0.40232384075275335,0.5699283045541755,0.9704184095079882,-28.03500023011415,0.4024141587146236,0.5114543381362081,-0.32390310212963647,-54.417480502513364
50,20,0.05,12,0.40152912759847087,0.3994543070762907,0.569170958295466,0.9219243186343697,-24.263823423267148,0.4039329994252402,0.5099512801907329,-0.3383805188530905,-53.47194556380082
50,20,0.1,1,0.3727153426272847,0.41587665901606624,0.4208320710895688,0.5111723447462642,-31.294538627987748,0.3461290223437932,0.5837047786876749,-0.48248036096761393,-58.968766275017494
50,20,0.1,2,0.37454116662545883,0.36597233264429957,0.5810360496819146,0.8343154859939994,-27.637474364713587,0.38729062174694806,0.42422514771431535,-0.3709108203011994,-47.44420730745085
50,20,0.1,3,0.3732668936267331,0.36626339667302255,0.5625063112188226,0.1267837915391472,-33.30207417268154,0.3828798339425116,0.4397740230123354,-0.6086739706829853,-65.19420033399214
50,20,0.1,4,0.3709846136290154,0.38626387813064805,0.453196001211754,0.10310807938698496,-35.33797707075303,0.3588957055214724,0.5457655229605058,-0.6215871496766316,-73.48356063587342
50,20,0.1,5,0.40084444359915555,0.39637079142982073,0.5492275068161163,1.0623405475388141,-27.93191992521647,0.40537518469709677,0.5261221105006738,-0.3169396858135448,-53.21803249916476
50,20,0.1,6,0.39983643660016355,0.39677407502663775,0.5452388165202464,1.1720466108469187,-26.114486485727753,0.40316345850426,0.5297501814035451,-0.26000365965424554,-49.84766940666557
50,20,0.1,7,0.3993039046006961,0.3948688752090524,0.5602847621932747,0.6080399811698192,-25.757414138599714,0.4039075940034407,0.511091531045921,-0.4422602087606331,-60.809585424555934
50,20,0.1,8,0.40033093059966907,0.39818663990825687,0.5609916187014036,0.7782191416028725,-29.816802701541413,0.40279073540745547,0.5146677723644656,-0.399299829892108,-55.96671842606777
50,20,0.1,9,0.39945605660054395,0.3995402629121471,0.5616479854589518,0.7972931011485866,-28.363796294063484,0.3994015849911046,0.5119726339794755,-0.38141064353459164,-55.086101286789386
50,20,0.1,10,0.4006732725993267,0.3965785919589985,0.5782086236493992,0.8421486555501638,-32.594892478947415,0.405563070679743,0.4972530320306831,-0.3792191766388655,-60.58265195927749
50,20,0.1,11,0.40116776659883224,0.40221495091870124,0.564778349994951,0.7229725724539322,-31.35830704134398,0.4000323127877858,0.5133202031719706,-0.4108724986997303,-63.768423468524624
50,20,0.1,12,0.4006352345993648,0.3993105631573393,0.573159648591336,0.35154821241806977,-31.534911728502628,0.4021350834925646,0.501762205867109,-0.5389142944642229,-65.17588808010075
50,20,0.2,1,0.3735902166264098,0.4170703454085931,0.3999293143491871,0.6127328473419167,-27.187639455115104,0.3490040789591211,0.6075463874779724,-0.4541388855611965,-57.609655617785606
50,20,0.2,2,0.3733049316266951,0.3632517376851012,0.5461981217812784,0.33570418952652314,-36.37844475619855,0.3866719346766759,0.4565149787498704,-0.5465906359869577,-60.13562607601529
50,20,0.2,3,0.3732668936267331,0.3657516692520402,0.5476118347975361,0.5130431246061953,-28.062122559928348,0.38329109499257186,0.454649113714108,-0.4833417134073593,-57.50903187621697
50,20,0.2,4,0.37661423762338575,0.3699622275357799,0.5390285771988287,0.4783319325355595,-38.09986022121562,0.38334590302116145,0.4478594381673059,-0.499242876920446,-66.96082232349347
50,20,0.2,5,0.3977253276022747,0.39298987101945637,0.5445824497626982,0.5951744154128307,-27.96999868080946,0.4022531477799867,0.5033689229812377,-0.428436303389235,-55.86237421973469
50,20,0.2,6,0.3967933966032066,0.39614537033578606,0.5354942946581844,0.7542264356510033,-29.994097889792098,0.39697937615836587,0.5217684254172281,-0.4089021615030556,-55.061521465434446
50,20,0.2,7,0.39745906160254096,0.39465679627661526,0.5437241240028274,0.8424418457420133,-28.063807739294113,0.398359161349134,0.4982896237172178,-0.35945439841517046,-47.435595711761394
50,20,0.2,8,0.4008254245991746,0.39426189984156507,0.577956174896496,1.829383842782018,-28.069101284995327,0.4088458819370802,0.47957914377526695,-0.05713022779699073,-41.23339757783829
50,20,0.2,9,0.3986002016013998,0.3937248028045574,0.5670503887710795,0.8897756043592866,-23.633180975413282,0.40310454625862374,0.47242666113817766,-0.34589700344625396,-53.51129936676737
50,20,0.2,10,0.40152912759847087,0.39690253111452944,0.5732101383419166,1.1388833490092147,-30.281465465005436,0.4041026095432192,0.4727376386441381,-0.29728446641618733,-52.28696303959562
50,20,0.2,11,0.399437037600563,0.3983638182337811,0.563011208724629,1.2972805904383096,-25.939466981425692,0.4002926421404682,0.49626826992847517,-0.24067442378228243,-48.79850883052133
50,20,0.2,12,0.3995701706004298,0.4000669568128557,0.5430172674946986,0.5065237319254969,-36.47811830555818,0.3979328165374677,0.5108323831242874,-0.458939530390873,-56.278334208156956
50,31,0.05,1,0.37305768462694233,0.41654513452351016,0.41820660405937593,0.6076444299244472,-28.524816524454835,0.3466079402948553,0.5873328495905463,-0.44975597062102524,-54.750292611842006
50,31,0.05,2,0.3728104376271896,0.3614512600505725,0.642330606886802,0.3343793148145373,-37.8062336841371,0.3958117592912208,0.3565875401679279,-0.5362757953915909,-63.638884629858964
50,31,0.05,3,0.3714600886285399,0.39801127535845876,0.4526911037059477,-0.1633983075425005,-40.52997024404203,0.35155730067882335,0.5475795584119415,-0.7118094442280058,-73.12619646230361
50,31,0.05,4,0.3707754046292246,0.38232357522265265,0.4833383823083914,0.12790697595777867,-37.25815117882781,0.36027596223674657,0.5142531356898518,-0.6116109163075856,-73.42204024075633
50,31,0.05,5,0.40006466459993534,0.3971374873500072,0.5547813793799858,1.2339374370654084,-23.565053139962362,0.4033158042631769,0.5207318337306934,-0.23902692740829856,-55.155214770530044
50,31,0.05,6,0.39863823960136174,0.3981546670619187,0.5425123699888923,0.8104186128887718,-30.201028496400646,0.39914817130353236,0.5294392038975847,-0.3827720992058944,-64.5121768552781
50,31,0.05,7,0.3998934936001065,0.3961377115579343,0.5530647278602444,0.9276796971734336,-28.63925431665939,0.40405985477594575,0.5220275733388618,-0.344078428920933,-55.723632344424765
50,31,0.05,8,0.4011867855988132,0.3998987415015189,0.5583156619206301,0.8530578012420642,-26.450855817340045,0.40261563766197295,0.5201617083030994,-0.3671476218732106,-57.74889422014173
50,31,0.05,9,0.40084444359915555,0.39875900435061695,0.5645763909926285,0.6332967041735316,-32.00726136953247,0.40322777845702407,0.5128019073287032,-0.44187981703760437,-57.291892545588084
50,31,0.05,10,0.40143403259856597,0.3972825335361637,0.5801777239220438,0.6202996012947835,-25.70163128323053,0.40650234642540056,0.4983414533015445,-0.4453451153177276,-55.98803298236105
50,31,0.05,11,0.40019779759980223,0.39991442629965057,0.56629304251237,0.8183171844600456,-23.874002934428873,0.40052174621937797,0.5092774955944853,-0.37721619391860983,-58.299735865536796
50,31,0.05,12,0.4005971965994028,0.40184530104664307,0.5563465616479855,0.5128030910011401,-26.764718434512144,0.39923682327689003,0.5205763449777133,-0.48243944255803795,-62.794687266428795
50,31,0.1,1,0.3727533806272466,0.41560095786416673,0.4118448954862163,0.6211494932713315,-27.607533228620532,0.3472323379461034,0.593034103866487,-0.4489013396651098,-58.14138720374731
50,31,0.1,2,0.3751497746248502,0.3651554958147492,0.6035039886902959,1.0426553625879036,-26.249430020465084,0.39163517258755354,0.4028195293873743,-0.297245124982664,-48.96918069666041
50,31,0.1,3,0.37263926662736074,0.363572267920094,0.5467535090376654,0.16665311736395072,-29.250479651671444,0.384504014390383,0.45423447703949416,-0.6000028645777249,-61.73659793421107
50,31,0.1,4,0.37545407862454594,0.36755099320090656,0.5568009694032111,0.5472182684799318,-27.76029507953775,0.38454189791647714,0.43811547631388,-0.46756446996649703,-62.53637662999306
50,31,0.1,5,0.39677437760322565,0.3940804434337692,0.559981823689791,0.9547926026173823,-32.56951274244197,0.3998277135121831,0.5051829584326734,-0.3360886342718702,-51.93995377656954
50,31,0.1,6,0.3981437456018563,0.39624815468260544,0.5556397051398566,1.2578726633676318,-27.005377690298204,0.40033088531999034,0.5142013061055251,-0.21915624585197024,-46.8318928209377
50,31,0.1,7,0.398371973601628,0.39574437023249026,0.5474603655457942,0.7682970974353762,-30.95578253828432,0.40102817518829953,0.5215611070799212,-0.3884026167040058,-59.712062443624404
50,31,0.1,8,0.39757317560242683,0.3926208562327161,0.56629304251237,0.5761744259962107,-29.34875101843067,0.4036036036036036,0.499222556235099,-0.4550473193653829,-60.418543344506155
50,31,0.1,9,0.4008634625991365,0.39758951226388495,0.5696253660506917,1.2615915660595602,-26.32917929295538,0.40434655897414545,0.5033689229812377,-0.22681502745995252,-40.696014720600814
50,31,0.1,10,0.40093953859906045,0.39701534562860763,0.5695243865495304,0.6244586089581514,-26.203293171803672,0.40464164962223986,0.5024359904633565,-0.44935975399477346,-59.35200312647018
50,31,0.1,11,0.40055915859944086,0.4001647505461839,0.5641219832374028,0.5128074532055475,-30.658482996428297,0.4011446198806673,0.5122317819011092,-0.4811160240193558,-60.440624036466794
50,31,0.1,12,0.3989805816010194,0.3968169004032402,0.5614460264566293,0.522540427193952,-25.72387460297991,0.40145181681008113,0.5102104281123665,-0.4792470660485405,-60.10892873294501
50,31,0.2,1,0.3735331596264668,0.4181615598885794,0.3789760678582248,0.9868621422550914,-20.723537898994906,0.35039995379595135,0.6289001762205867,-0.3395028599840365,-49.86326896815
50,31,0.2,2,0.3740656916259343,0.36525679758308155,0.5493789760678582,0.9585623650383905,-25.148828315189416,0.38732738333111316,0.45210946408209807,-0.32671385396992214,-50.54301117738712
50,31,0.2,3,0.3727533806272466,0.3648032988593662,0.5538725638695345,0.5732963379215987,-22.908976642469508,0.3837690971448933,0.4465636985591376,-0.45816321363924584,-58.16624607591104
50,31,0.2,4,0.37535898362464104,0.3683711788860422,0.5299404220943148,1.0615172001591673,-25.338768857675703,0.38408971438584194,0.45444179537680107,-0.29552412382744964,-57.57507795733432
50,31,0.2,5,0.3939405466060594,0.38793413388940823,0.5447844087650207,0.38465492813990676,-35.78302753010676,0.3999830694997037,0.48978957188763345,-0.5201330740914789,-61.76871611211676
50,31,0.2,6,0.3947773826052226,0.38841064314171886,0.5512975865899222,0.7304695100089191,-32.53191339000562,0.4020760058334048,0.4858505234788017,-0.402818584139625,-57.62454834485085
50,31,0.2,7,0.39335095760664907,0.3890814874283838,0.5383217206906998,0.28396336360144336,-39.217927010665456,0.39767712929814336,0.495128019073287,-0.5651258301916087,-71.10936918386115
50,31,0.2,8,0.39844804960155195,0.3928811282740094,0.5611935777037261,1.5787712136582486,-24.675290235317824,0.4041709755256808,0.48616150098476213,-0.10974469392328712,-45.38365726083854
50,31,0.2,9,0.3939025086060975,0.39493585161217504,0.5299909118448954,0.6677157189474898,-26.638219618548113,0.39215686274509803,0.5131128848346637,-0.44628694216569553,-58.13430945141127
50,31,0.2,10,0.3984670686015329,0.3997845628110839,0.5434211854993436,0.8356399116705657,-25.17394548890881,0.39650369413379627,0.5090183476728517,-0.41089832882841293,-58.31228461322387
50,31,0.2,11,0.40088248159911755,0.3993614913214194,0.5494799555690195,1.751481546201552,-24.849607268707224,0.39960162739447364,0.48870115061677205,-0.1361708885512407,-51.91873612858512
50,31,0.2,12,0.3954810856045189,0.39911217219383,0.5401898414621832,0.812323929251785,-32.93256074204958,0.39263170431537575,0.5125945889913963,-0.3721131197079174,-51.74053243920859
100,5,0.05,1,0.3726202476273798,0.41615134681899174,0.40093910936079974,0.49146174193940295,-33.12336826773512,0.34782219303221185,0.6038664869907744,-0.4960826493005426,-61.673050942187196
100,5,0.05,2,0.3727153426272847,0.35940426290912336,0.6104210845198424,-0.006702924540150534,-42.04517530374159,0.3963569165786695,0.3890846895407899,-0.6567150772149317,-69.48345679781872
100,5,0.05,3,0.3728865136271135,0.36781029263370335,0.625719478945774,0.46529950766906225,-34.77391656081134,0.3819433412761451,0.3738467917487302,-0.4719103602032335,-53.23871331995402
100,5,0.05,4,0.3745031286254969,0.3693218263455595,0.6395536706048672,0.6043150373008959,-33.44747760031214,0.3842240577648925,0.3640510003109775,-0.4181722674602135,-50.37398782898886
100,5,0.05,5,0.40297457159702543,0.4006858805597894,0.5840149449661719,0.7360840741639278,-32.48007168369871,0.40576103918012735,0.49865243080750493,-0.40317459302387104,-56.38450546787792
100,5,0.05,6,0.4026322295973678,0.4002410053365467,0.5869433504998486,0.6786131562247142,-33.319201522439506,0.40558341123480923,0.4947133823986732,-0.42322248726611345,-58.085491848055476
100,5,0.05,7,0.40325985659674013,0.4015082745618323,0.5806321316772696,0.7931238194722345,-29.808096186225697,0.4053557254459623,0.502902456722297,-0.384464811389966,-54.1714891551733
100,5,0.05,8,0.40284143859715854,0.4019771700864123,0.5707361405634657,0.6126778558944233,-31.35591042387429,0.4038351459645106,0.5119208043951488,-0.44728624764883573,-59.224130633404485
100,5,0.05,9,0.40407767359592234,0.4022357587522592,0.6067858224780369,0.9561436967800634,-29.217369939257402,0.4065019162151447,0.4782834041670986,-0.32398424176779717,-49.59836286939654
100,5,0.05,10,0.4032027995967972,0.4012405375662787,0.6074926789861658,0.856124332370104,-30.93750533734109,0.40580736543909346,0.47517362910749456,-0.3583624715496454,-53.195934123536226
100,5,0.05,11,0.4036021985963978,0.4025460930640913,0.6018883166717156,0.8694371335291264,-32.838486538535435,0.40496407576747223,0.4820151342386234,-0.35165578005287756,-51.646186559862834
100,5,0.05,12,0.40324083759675916,0.4028735239915364,0.5960315056043624,0.5996474297068841,-34.07329901900961,0.4037032263607853,0.48704260391831655,-0.44575724009043927,-56.36646655787735
100,5,0.1,1,0.3726582856273417,0.4170935703084161,0.4028577198828638,0.7306887514122453,-21.141150032539446,0.34724505964303864,0.6020006219550119,-0.4159870268603618,-50.768760193811424
100,5,0.1,2,0.37328591262671407,0.3643303697653231,0.5855296374835909,0.1749693143308677,-29.674471046328932,0.38702525544630806,0.4161915621436716,-0.5958150510374116,-61.46930876694333
100,5,0.1,3,0.37182144962817854,0.36516354398221657,0.5805816419266889,-0.11506651797849454,-43.06119828679681,0.3817630044098819,0.41727998341453304,-0.6898895831720686,-71.64756679278635
100,5,0.1,4,0.37490252762509746,0.36820056293774955,0.5680096940321114,0.5012714500452573,-32.12929322399965,0.38419977298524405,0.43858194257282057,-0.4765818623539475,-59.28596174069978
100,5,0.1,5,0.40227086859772915,0.4002882553520582,0.5749267898616581,0.8481303447183841,-32.334963844711936,0.4041597337770383,0.5035762413185446,-0.38579700607635314,-56.53336821868606
100,5,0.1,6,0.4018334315981666,0.4017160411002436,0.5744218923558517,0.6040618545787202,-30.69464061166304,0.4019959585962308,0.5052347880170001,-0.4552109137633942,-60.18123522187094
100,5,0.1,7,0.40287947659712053,0.40070292654069667,0.581389477935979,0.8286755584946914,-30.285250986312054,0.40508353322391955,0.4989115787291386,-0.39104879991341324,-57.29862368568349
100,5,0.1,8,0.4015101085984899,0.40027064563227804,0.5675047965263051,0.517619182944373,-29.838381556305936,0.40290647834428706,0.5115579973048616,-0.4841808208555275,-62.026723018908065
100,5,0.1,9,0.40305064759694936,0.4050574385603016,0.5750277693628193,1.0508116998991563,-32.70303540591256,0.4004851375241541,0.5048719809267129,-0.31553037933482175,-54.10528812338404
100,5,0.1,10,0.40168127959831873,0.4028374287122439,0.5777542158941735,0.8423443068774954,-33.64762716131241,0.400306304068877,0.5012439100238416,-0.3685325869462007,-55.78280457649775
100,5,0.1,11,0.4012818805987181,0.4013432938112535,0.5913359588003635,0.5158204162063162,-40.094502419524005,0.40120528272855494,0.48652430807504926,-0.47790193298337025,-61.896593824510894
100,5,0.1,12,0.40236596359763405,0.4023429400787891,0.5878521660102999,0.44308764837520687,-35.704176281551035,0.40230274297324753,0.4925883694412771,-0.5087492937026035,-63.75937154802856
100,5,0.2,1,0.3728674946271325,0.41658772760762025,0.39967686559628396,0.5576460757958006,-27.52392258350006,0.3481252047532537,0.6058360111951903,-0.47753114823799325,-59.82653780372265
100,5,0.2,2,0.37436999562563,0.36367724527817036,0.571644956073917,0.539831395679915,-29.10110278500166,0.3898913600969833,0.4333989841401472,-0.475476216748391,-58.3401601451521
100,5,0.2,3,0.3721447726278552,0.3630145951960207,0.5600828031909523,0.17152819179240542,-32.81058499136878,0.384838988054685,0.4391520680004146,-0.5974366247375541,-64.64733550389401
100,5,0.2,4,0.3739896156260104,0.36619808511319607,0.577400787640109,0.3609723491042318,-38.49949580094428,0.38617541878411443,0.42536539856950345,-0.5223696039063024,-65.35823393822245
100,5,0.2,5,0.3982958976017041,0.3964827295703454,0.5702817328082399,0.184859957528676,-34.888415485938474,0.399682128068928,0.49528350782626723,-0.6037060003159023,-68.66561749944938
100,5,0.2,6,0.39776336560223663,0.3927628194134797,0.5781581338988185,0.33046939028801736,-30.21955355846784,0.4028895233151657,0.4827407484191977,-0.5479507350824866,-61.92472120591714
100,5,0.2,7,0.4007303295992697,0.39474048442906573,0.5759870746238513,0.6312832653799292,-28.689079083232006,0.40634934272703843,0.4902560381465741,-0.45874466141619774,-59.13285540307474
100,5,0.2,8,0.40084444359915555,0.3950327699206623,0.5782086236493992,0.607421570176601,-34.06961155465029,0.4072085552083792,0.47957914377526695,-0.4630958508859181,-58.77109142627448
100,5,0.2,9,0.4023469445976531,0.4006532963366232,0.5759365848732707,0.6593587663201501,-28.54219686475225,0.403142497504232,0.4813931792267026,-0.44682360370104346,-57.66596887485523
100,5,0.2,10,0.39875235360124767,0.40071562688206325,0.57108956881753,0.2701079233019963,-40.736535443683515,0.39603012775165414,0.4932621540375246,-0.5672060344277197,-68.28295194014761
100,5,0.2,11,0.4000266265999734,0.4024439918533605,0.54872260931031,0.13176585277598973,-38.484042039114264,0.39640102827763496,0.5194879237068518,-0.6325102842081567,-70.99007302669054
100,5,0.2,12,0.40034994959965003,0.4010499065151733,0.5631626779763708,0.054880118958673174,-38.93920386174974,0.39925342521946017,0.5044573442520991,-0.633885535182634,-72.1182272165272
100,20,0.05,1,0.37269632362730365,0.41569972757542123,0.41603554478440874,0.49941941299945625,-31.393572144209937,0.34667399334493393,0.5885767596143879,-0.4876852302443966,-59.28228736138964
100,20,0.05,2,0.3747884136252116,0.3650753689775624,0.5857315964859133,0.5949544614738396,-35.1119915149343,0.38962599750024035,0.42007878096817663,-0.45180474241052937,-52.96498238630048
100,20,0.05,3,0.37193556362806446,0.36412176461012535,0.5646773704937897,-0.08659541315867325,-32.053044675519125,0.3829125503110135,0.4339172799834145,-0.6837408500092783,-69.59829828963298
100,20,0.05,4,0.3727723996272276,0.3711531595858622,0.5248914470362517,0.17253280377536684,-29.134735160289946,0.3746794219417871,0.47703949414325697,-0.5964963617519391,-70.93751068407383
100,20,0.05,5,0.4001217215998783,0.39697802197802196,0.5544784408765021,1.1041919717879014,-24.384957596829032,0.40363694753321827,0.5211464704053074,-0.2833122542753729,-56.628656565775145
100,20,0.05,6,0.3994940946005059,0.39436820531099626,0.5586186004241139,0.9752356536555409,-24.960927805772165,0.40535029769186853,0.5151860682077329,-0.32778578646245393,-54.859057858628674
100,20,0.05,7,0.4008064055991936,0.3965036465036465,0.559981823689791,1.0459445787119113,-27.17291632084982,0.405541766692436,0.5165854669845548,-0.28653977958426147,-48.288414316338056
100,20,0.05,8,0.3999125126000875,0.3955546117363913,0.5642734524891447,0.639867988616994,-26.970649060440604,0.40499979441634804,0.5105214056183269,-0.44356809106123085,-59.85347620236346
100,20,0.05,9,0.4005971965994028,0.39643169494490116,0.5721498535797234,1.054510683609318,-25.745830496786436,0.40569855241750447,0.5040427075774853,-0.31100362903017476,-48.08360484512049
100,20,0.05,10,0.40065425359934576,0.3960073475895054,0.5768958901343028,0.4410677428586438,-28.710511515264397,0.40609565621174387,0.4986006012231782,-0.5067980969474579,-61.82527155844607
100,20,0.05,11,0.40145305159854694,0.4001627972819932,0.5708876098152075,0.6893049847419062,-29.72304821238997,0.4028960467316632,0.5076189488960299,-0.4243960023744998,-57.61603406615664
100,20,0.05,12,0.40052112059947886,0.40008583997997066,0.564778349994951,0.4334767233728338,-28.726388433208463,0.4009915071721728,0.5114543381362081,-0.5077434890409742,-61.14057966887494
100,20,0.1,1,0.3736853116263147,0.41721087002317253,0.39997980409976774,0.6956540063941183,-25.284848136745172,0.3490815992378911,0.6077537058152793,-0.4257159204763764,-56.88507073003411
100,20,0.1,2,0.3731717986268282,0.3629455695789714,0.561900434211855,0.4606037639328704,-28.390884407159316,0.38747946705603215,0.44013683010262256,-0.5027841128370565,-58.86136900008073
100,20,0.1,3,0.37393255862606745,0.3663819402074436,0.5457437140260527,0.17938570951409027,-27.058382158676835,0.3837446328663746,0.4585881621229398,-0.5958939902286053,-66.5056443360745
100,20,0.1,4,0.37583445862416553,0.3706288568909786,0.5094415833585783,0.4773456678299921,-33.85729417169277,0.3798596780850186,0.47703949414325697,-0.4941772519476476,-63.40268178107384
100,20,0.1,5,0.39761121360238877,0.39573226335947476,0.547763304049278,0.8016367278360796,-24.961061835692824,0.3988385315139701,0.5090183476728517,-0.3783537538805021,-62.199955529559894
100,20,0.1,6,0.3972118146027882,0.3960590040297238,0.540896697970312,0.8801995016399402,-28.340656973780376,0.3982226827129991,0.5179330361770499,-0.37894298923511194,-55.68251476792655
100,20,0.1,7,0.3980866886019133,0.39306133973318275,0.5623043522165001,0.9309877848520289,-26.994692222297967,0.40324837793138546,0.49284751736291077,-0.35022241941133414,-57.876925090108024
100,20,0.1,8,0.40074934859925065,0.3983395032886461,0.5595779056851459,1.099018177140851,-31.643445715619684,0.40297438490057297,0.4957499740852078,-0.24909447649406968,-49.05499712404349
100,20,0.1,9,0.3995131136004869,0.3973760205354915,0.5627587599717258,1.03789679394666,-25.684523370043756,0.4012699203187251,0.5011402508551881,-0.29376688407712725,-55.03588626363935
100,20,0.1,10,0.3994750756005249,0.3962765016104485,0.5652832475007573,0.5789253356100552,-32.22374579894538,0.40144834930777423,0.4884420026951384,-0.4623629158747813,-63.65486725582051
100,20,0.1,11,0.40164324159835674,0.40066736916051987,0.5759365848732707,0.5816996392311,-31.89085504591543,0.40294882174969104,0.4901005493935939,-0.4771824629403344,-62.6170533950267
100,20,0.1,12,0.4010536525989463,0.3995721162417543,0.5657881450065637,0.7794347514712479,-27.33041292569462,0.40145466705680727,0.49777132787395045,-0.3982843326140615,-54.567442300862716
100,20,0.2,1,0.3735331596264668,0.4181615598885794,0.3789760678582248,0.9868621422550914,-20.723537898994906,0.35039995379595135,0.6289001762205867,-0.3395028599840365,-49.86326896815
100,20,0.2,2,0.3738564826261435,0.3645449583844999,0.5395839644552156,0.5362718572869147,-33.3157143451275,0.3872370022604764,0.4616979371825438,-0.47864351454491605,-57.265925873255306
100,20,0.2,3,0.3756632876243367,0.3686331617447846,0.5495809350701808,1.347623889828312,-26.239642931712027,0.38618331653004867,0.4566186379185239,-0.17716826218725523,-43.98631500519015
100,20,0.2,4,0.37591053462408947,0.366883884255664,0.5486216298091487,0.5925907046129157,-38.42760665058168,0.3874791628079274,0.4337099616461076,-0.4608695368389847,-69.24360977124915
100,20,0.2,5,0.39063124060936877,0.385526029976106,0.5376653539331516,0.9908940417078225,-25.279320626663885,0.3967476240760296,0.48683528558100964,-0.3344374398336982,-53.54856819441863
100,20,0.2,6,0.3932939006067061,0.3887145047083729,0.5377158436837322,1.3266766035033846,-22.473802121391593,0.3982286096256685,0.4940395978024256,-0.25428778449276634,-57.923463856216564
100,20,0.2,7,0.3919625706080374,0.39192723138146673,0.5221145107543169,0.46185480782584754,-33.60991430517286,0.3911497272176197,0.5016585466984554,-0.4899082264610427,-66.8294051525598
100,20,0.2,8,0.39755415660244586,0.3924371850316309,0.5543774613753408,2.0706364004065394,-25.45694784422634,0.4031477525395649,0.4792681662693065,0.08007994095100801,-44.43273253831042
100,20,0.2,9,0.39473934460526067,0.3923404567819637,0.5394829849540543,1.1194402427165855,-24.669077236686388,0.39710808633337574,0.4853840572198611,-0.28007190557460326,-52.30553788602451
100,20,0.2,10,0.3940736796059263,0.3933986856114844,0.5409976774714733,0.22053831528703816,-30.965429821309755,0.39336311423101467,0.47921633668497976,-0.6031508764152216,-69.44410115367839
100,20,0.2,11,0.39816276460183725,0.40014858841010403,0.5438755932545694,1.2517470213859734,-27.23751345745147,0.3964785744590581,0.4843474655333264,-0.2893207645248095,-44.86105488636691
100,20,0.2,12,0.39793453660206546,0.3982343203972779,0.5466020397859235,0.6675829620876643,-31.122409184408344,0.39731155351369746,0.48408831761169274,-0.433869935461503,-47.055199674372375
100,31,0.05,1,0.37292455162707544,0.415866239772323,0.41315762900131275,0.6569953932249548,-26.658128497326498,0.347243328673029,0.5921530009329325,-0.43618010091472736,-56.96726843040102
100,31,0.05,2,0.37425588162574414,0.3653537861880363,0.5868423709986873,0.5805193649608753,-28.052601261945284,0.38789367234903205,0.41748730175183996,-0.459853051655021,-56.904392386284925
100,31,0.05,3,0.37292455162707544,0.36548904363380824,0.5777037261435929,0.3752768257891528,-30.455902812648628,0.3838668735016218,0.4232403856121074,-0.528108495800321,-62.580976290337766
100,31,0.05,4,0.37322885562677116,0.36690168950379143,0.5570029284055337,0.14235653300343176,-30.598337330420573,0.3813521278506015,0.44029231885560277,-0.6078743476598778,-72.07360182858731
100,31,0.05,5,0.3987143156012857,0.39577571033442294,0.5562960718974048,1.0942402572605556,-25.713448956597546,0.4020943678486233,0.5154452161293667,-0.28761772932662,-52.44527523111104
100,31,0.05,6,0.3979155176020845,0.3952944562362845,0.5547813793799858,1.1804640623609979,-31.346459102043305,0.40090435625176635,0.5146677723644656,-0.26418553566923664,-58.06546752637032
100,31,0.05,7,0.3997603606002396,0.39744195341739036,0.5522568918509543,1.07410576571995,-27.221452615859825,0.40173920012823594,0.5195915828755053,-0.2862612186087258,-49.524735002984
100,31,0.05,8,0.39932292360067706,0.396353960663047,0.556548520650308,0.9751973301016945,-23.8432444795439,0.4027065239345587,0.5166891261532083,-0.33089131390959425,-61.106076171071976
100,31,0.05,9,0.4013008995986991,0.397907622233293,0.5645763909926285,1.0042976487171522,-30.601415315352927,0.40478633882024545,0.511091531045921,-0.3169488461308422,-48.10841362797036
100,31,0.05,10,0.4008254245991746,0.3970840180413272,0.5734120973442391,0.6806665074692777,-24.651897004147465,0.40484980701459977,0.5001554887529802,-0.4338312867348988,-54.620426007313704
100,31,0.05,11,0.40173833659826164,0.4018446741314958,0.565333737251338,0.9137553378694039,-25.73839889787351,0.4014909046712312,0.513631180677931,-0.3478453922624688,-53.76948568205194
100,31,0.05,12,0.4000836835999163,0.4024439618683058,0.5520549328486317,0.44295222237015563,-28.459477042725734,0.39745308310991956,0.5224940395978024,-0.5093780441664435,-62.677690856380984
100,31,0.1,1,0.3735331596264668,0.4169995206902061,0.3953347470463496,0.7076251555742943,-24.797887591222576,0.34938761020057985,0.612107390898725,-0.4247653124694981,-58.135229982414174
100,31,0.1,2,0.3727723996272276,0.3622870249017038,0.5582651721700495,0.2868699619773669,-31.435880066000955,0.3874625782454867,0.44272830931895923,-0.5609574528445479,-63.97907206784191
100,31,0.1,3,0.37433195762566807,0.36548206087400104,0.5426133494900535,1.4760941817600681,-19.524627967447785,0.38575872796405114,0.46273452886907845,-0.1524971195483924,-40.68061417129943
100,31,0.1,4,0.37444607162555393,0.3664423142293834,0.5442795112592144,0.22530804008141958,-25.75777514306551,0.38445872556118754,0.44029231885560277,-0.5645469931172404,-70.54924342144986
100,31,0.1,5,0.3945111166054889,0.3911513323278029,0.5499343633242452,0.5792004708801952,-30.64818529506967,0.39843879754193656,0.49735669119933656,-0.45315692693044396,-58.199239541472004
100,31,0.1,6,0.39645105460354896,0.3906439420951294,0.5531657073614057,0.8730301705083872,-26.43690387579792,0.403136492370123,0.4942987457240593,-0.33002673469753663,-53.22149615396313
100,31,0.1,7,0.39696456760303545,0.39195890264350186,0.5547308896294052,0.6540214308875603,-28.274646706472726,0.4023764056863993,0.49144811858608894,-0.39255615004056,-55.05303422847498
100,31,0.1,8,0.39738298560261703,0.3912782909116548,0.560385741694436,1.0346175203598595,-26.895698565047944,0.4040429997002013,0.4889602985384057,-0.25794157807000573,-49.81190167728859
100,31,0.1,9,0.39995055060004947,0.3968913789987349,0.5543774613753408,1.5843723021505887,-25.23286790521604,0.40220488046575004,0.5048719809267129,-0.1108974501138601,-48.29329555668468
100,31,0.1,10,0.3980106126019894,0.39621824480369516,0.5543774613753408,0.22949574076888934,-27.754814338620438,0.39881991190891714,0.49746035036799,-0.5907466222601496,-69.02816027393213
100,31,0.1,11,0.40055915859944086,0.39891722467587976,0.5654852065030799,1.1792073428235805,-26.712757678303085,0.40191467920725565,0.49611278117549495,-0.2858260571413985,-51.22533380848005
100,31,0.1,12,0.39995055060004947,0.3995651386120674,0.5566999899020498,0.6921752805860013,-28.167043910011518,0.39956412681442494,0.5036280709028713,-0.43261110633018285,-53.935196331610115
100,31,0.2,1,0.3734761026265239,0.4170840738945441,0.39099262849641525,0.7105461548240779,-26.620059058551966,0.3496707044572504,0.6164092463978439,-0.42529274044079,-58.228987948611845
100,31,0.2,2,0.37222084862777916,0.3635935713805393,0.5459961627789559,0.415322570241464,-31.08847348891717,0.38554805471664594,0.4499326215403752,-0.524692479681188,-61.28515026971584
100,31,0.2,3,0.37328591262671407,0.3646140101254095,0.5563465616479855,0.8444040203259016,-20.255424340474885,0.38832741509605756,0.4421063543070385,-0.3367968436717278,-47.8987265130953
100,31,0.2,4,0.3788014226211986,0.36970430572367285,0.5397354337069575,0.9085061451427279,-24.664196120542975,0.39014610314790066,0.4387374313258008,-0.395474853743065,-52.128098465868824
100,31,0.2,5,0.39095456360904546,0.38465941614195764,0.5428657982429567,0.501409718237334,-40.348263733020715,0.39944380683323033,0.46900590857261326,-0.512359799003318,-68.81295614564948
100,31,0.2,6,0.3911257346088743,0.386089930877218,0.5471069372917298,1.5243750679666834,-31.331184566029343,0.39883539023118375,0.4756919249507619,-0.10802185250630625,-38.853804989550376
100,31,0.2,7,0.3875311436124689,0.3844710636455477,0.538018782187216,0.4287113142765202,-32.179975453308515,0.3928403203014602,0.475484606613455,-0.547338034732571,-69.54407566345508
100,31,0.2,8,0.39046006960953994,0.38688394563218803,0.5418055134807634,1.5576561055554117,-29.355959932534518,0.39668142543953916,0.4782834041670986,-0.18634091798003594,-50.58310578642499
100,31,0.2,9,0.393388995606611,0.3912501375187942,0.5386751489447642,1.7811093925255794,-29.0825989943825,0.3952572553719716,0.47859438167305896,-0.03722696691444538,-36.95464842610386
100,31,0.2,10,0.3912969056087031,0.3912386149931782,0.5356962536605069,0.48616903372236386,-30.27635594671865,0.3927495012098315,0.4795273141909402,-0.5327184775135146,-63.97170680343674
100,31,0.2,11,0.3973069096026931,0.4003989311655564,0.5371604564273452,1.6517292597457405,-27.93391059322323,0.3959669254134323,0.4864724784907225,-0.1535936208119293,-44.54823991400487
100,31,0.2,12,0.39323684360676314,0.3962841282428911,0.5298394425931536,0.8016798746946072,-34.902560116720935,0.3927911654829837,0.49590546283818804,-0.40095129484018355,-60.88627962480642
150,5,0.05,1,0.3725822096274178,0.4172834131475838,0.38715540745228716,0.8017976695577456,-22.813463818298615,0.3485659152705903,0.6179123043433191,-0.3973881264805922,-51.052104720346385
150,5,0.05,2,0.3734000266266,0.36406932931424263,0.6098152075128749,0.3105792362664799,-34.01294759566675,0.3893527107812822,0.3915725095884731,-0.5450707642456522,-60.091714074340615
150,5,0.05,3,0.3720686966279313,0.3663350602294759,0.581944865192366,-0.009309255043533637,-40.02240959782318,0.38061185830649746,0.4165543692339587,-0.6505372887535573,-68.88054469837013
150,5,0.05,4,0.37416078662583924,0.3875107892070402,0.5213571644956074,0.538938569921547,-36.66634439255955,0.36044269628258524,0.4844511247019799,-0.45791753424013115,-62.05330960879955
150,5,0.05,5,0.40278438159721563,0.4016860810858082,0.5797738059173988,0.8513499149860295,-29.8596653797147,0.4040930310103368,0.5024878200476832,-0.36216770190066405,-55.85556269133997
150,5,0.05,6,0.40236596359763405,0.40263548364304386,0.5754316873674644,0.7745715364112289,-32.54690559834138,0.4020516623408726,0.5058049134445942,-0.38897437389261935,-58.87318807248704
150,5,0.05,7,0.40190950759809047,0.39993652360969073,0.572604261334949,0.7230939412809108,-31.05428685457706,0.4042193047642639,0.5074634601430497,-0.4106754939996269,-56.342088270931455
150,5,0.05,8,0.40405865459594137,0.4052320921081396,0.5615470059577906,1.205418439521417,-27.001636078047746,0.40277722516213743,0.5246708821395253,-0.24642142598680405,-49.11509439213297
150,5,0.05,9,0.4040015975959984,0.4032872387880452,0.5934060385741694,1.184164187145258,-28.5215242432879,0.4048899129544291,0.4918109256763761,-0.24629415907019925,-47.24633531313159
150,5,0.05,10,0.40337397059662605,0.40163157538419875,0.5990608906392002,1.1252366745928732,-30.63575115338177,0.40560836914528803,0.4842956359489997,-0.26642806694038934,-49.50276737300546
150,5,0.05,11,0.4036402365963598,0.4032940053195117,0.5971422801171362,0.7519382442555009,-36.641836066631996,0.4040768933040898,0.48699077433398985,-0.3947053842425423,-55.96879717732232
150,5,0.05,12,0.40365925559634075,0.4030314409585908,0.596081995354943,0.6952745424782618,-35.209296291461406,0.4044490251653354,0.488131025189178,-0.41514143639565226,-57.73368975843293
150,5,0.1,1,0.3729816086270184,0.4162976085031001,0.42714328991214784,0.5975736968562531,-25.690463482523594,0.34569240784945904,0.5779516948274075,-0.45263031651106056,-55.73439268333338
150,5,0.1,2,0.37416078662583924,0.36459619258007925,0.5666464707664344,0.4180635147737648,-30.021688426595016,0.38766802771023534,0.43795998756089977,-0.5155204109324734,-57.00617976957482
150,5,0.1,3,0.3718785066281215,0.3637167851643131,0.5604867211955973,0.046964884228861914,-39.33643110790961,0.3831716384078339,0.4380636467295532,-0.6391572773760528,-67.95993774772481
150,5,0.1,4,0.3737613876262386,0.3664119567778638,0.5495809350701808,0.531857426273096,-32.418878807198226,0.3833238599099296,0.45438996579247437,-0.471414925719576,-58.820859614648505
150,5,0.1,5,0.4009585575990414,0.39815077228283974,0.5674543067757245,0.4767130586286017,-32.291467350888084,0.40379303236446096,0.5076189488960299,-0.5132083148056474,-62.84623154891523
150,5,0.1,6,0.4002168165997832,0.39736379613356765,0.5707866303140462,0.2570521128959051,-31.728273295219704,0.4034839728931942,0.5030061158909506,-0.5803445159577347,-65.90477961075148
150,5,0.1,7,0.40213773559786226,0.3987153977728907,0.5766939311319802,0.2798486525362509,-31.95100342414125,0.40532594086021506,0.5001554887529802,-0.5688145782856914,-66.16042086195876
150,5,0.1,8,0.40305064759694936,0.4002551653258674,0.5702312430576593,0.6646810924270681,-30.729760579533618,0.4056283763976716,0.5020213537887426,-0.43475145058532294,-58.7553690341847
150,5,0.1,9,0.40413473059586524,0.40468927355278095,0.576037564374432,1.085086169014653,-33.586164124666006,0.4024151571934208,0.5008811029335545,-0.3067296067404707,-57.86012822400258
150,5,0.1,10,0.4018334315981666,0.40258265928764014,0.5729576895890134,0.7453280104114484,-36.13301376729143,0.4003975813799387,0.5010884212708614,-0.4181115103323344,-59.63282320232919
150,5,0.1,11,0.40145305159854694,0.40311772589405376,0.5770978491366253,0.5510933738027759,-35.32658052654608,0.39950402975821453,0.500984762102208,-0.4654445931749095,-59.75183566569756
150,5,0.1,12,0.4013199185986801,0.40270154679592274,0.5704836918105625,0.22599060199244803,-32.84113549074973,0.3994065771037666,0.502332331294703,-0.5845615540775375,-68.37722545627572
150,5,0.2,1,0.3730386656269613,0.41694396028099084,0.39856609108351004,0.8814433623679268,-25.968106063983065,0.3483326398383166,0.607442728309319,-0.36872035708995976,-54.027076517745044
150,5,0.2,2,0.37328591262671407,0.36288687211196435,0.5511461173381803,0.5205138838264014,-31.97856627079277,0.38720433932064735,0.4513838499015238,-0.4835266214254904,-60.927751461124686
150,5,0.2,3,0.372353981627646,0.3633397059792999,0.556548520650308,0.6496127269267609,-22.831061881799762,0.38475384753847536,0.4431429459935731,-0.43602570264394247,-54.75377345009708
150,5,0.2,4,0.37573936362426064,0.3685693158209796,0.5284762193274766,0.33864573694063194,-38.716385103402665,0.384435267572055,0.4680211464704053,-0.5292247153782845,-67.14688417238209
150,5,0.2,5,0.39863823960136174,0.39474348343368065,0.5528122791073412,0.6900641332118613,-29.262710077660063,0.4011224277696944,0.5001036591686535,-0.44511385304000284,-59.92109522060265
150,5,0.2,6,0.39806766960193235,0.3947340742558637,0.5684641017873372,0.4475000608774067,-30.573815342464403,0.40096291916547006,0.49207007359800975,-0.5240020532531585,-59.52815205104099
150,5,0.2,7,0.40061621559938376,0.3937374853276255,0.5758356053721094,0.4196656451158125,-28.88865200196715,0.4075330396475771,0.47947548460661343,-0.5256979221759153,-60.84730465182866
150,5,0.2,8,0.40029289259970713,0.39546277558845455,0.5624053317176613,0.5990040159614429,-32.90595515175639,0.4048121206903973,0.48745724059293044,-0.4488513732786892,-59.560379955144036
150,5,0.2,9,0.4002738735997261,0.3988144422489671,0.5604867211955973,0.41401929345256927,-33.753538080102075,0.4001102115213429,0.4892194464600394,-0.5224765842941514,-64.14521556852857
150,5,0.2,10,0.3995321326004679,0.39987603004448335,0.5537210946177926,0.2639553517174913,-33.47196026992401,0.3983399045445113,0.49746035036799,-0.600379459687947,-69.21705230733667
150,5,0.2,11,0.40052112059947886,0.401426907396622,0.5568009694032111,0.4277026054895965,-36.59493351852391,0.39804201509280035,0.5057530838602674,-0.5427000589751436,-65.80450981251212
150,5,0.2,12,0.39875235360124767,0.40109809123737933,0.5495809350701808,-0.01551629985164582,-40.51497591839578,0.3952336862445151,0.5088628589198715,-0.6650007811002644,-74.11853838366308
150,20,0.05,1,0.3734951216265049,0.41692558849860445,0.3997273553468646,0.616674645079895,-27.28629707809051,0.34894313783864245,0.6074945578936457,-0.45285202652112366,-57.356668912957
150,20,0.05,2,0.3738755016261245,0.3641633306645316,0.574118953852368,0.39827872257714314,-35.08045455820854,0.38807717523648966,0.42951176531564217,-0.5200004305655042,-58.20311646423394
150,20,0.05,3,0.3722969246277031,0.36523245929510234,0.5640210037362415,0.07086228033893538,-30.33170005281914,0.3821175186465345,0.43547216751321655,-0.632140364539553,-65.93039321916592
150,20,0.05,4,0.37431293862568704,0.3684931506849315,0.5296879733414117,0.4256090867576072,-33.83262680340134,0.3800605776204087,0.4617497667668705,-0.5121165945212954,-64.89542725529276
150,20,0.05,5,0.3986192206013808,0.3948268490808038,0.5595274159345652,0.8377001089221892,-29.13880379227069,0.40230500102901834,0.5065823572094952,-0.40317859757319596,-58.96107288242435
150,20,0.05,6,0.3988854866011145,0.3943213147624333,0.5560436231445016,1.2468824091410555,-31.00505592796732,0.40409979991016376,0.5129055664973567,-0.2547579123276613,-50.24282169169512
150,20,0.05,7,0.3996272276003728,0.3957599686977555,0.5617489649601131,0.8810216509780142,-34.22987754293869,0.4040383100460218,0.50507929926402,-0.3768141826261705,-52.99213241300086
150,20,0.05,8,0.3999125126000875,0.3943973716064326,0.5757851156215288,1.170619698233299,-31.033669636429575,0.40659900632723256,0.49626826992847517,-0.2660768553948889,-53.38750240834557
150,20,0.05,9,0.40116776659883224,0.39656434022091364,0.5746238513581743,1.2746932509361568,-28.975893529973746,0.40638324819521254,0.4989115787291386,-0.2376044925418802,-44.342473465190125
150,20,0.05,10,0.39936096160063905,0.39649195784803104,0.5775017671412703,0.5124083165053683,-35.177891253666196,0.40238671592984243,0.4910853114958018,-0.4863134290848844,-59.233821177762195
150,20,0.05,11,0.4018904885981095,0.40076389375569416,0.5774512773906897,1.3197878645025631,-29.83508536766859,0.40349410682939063,0.5003628070902871,-0.22378264157254713,-49.981634023269216
150,20,0.05,12,0.4010536525989463,0.40003527959075674,0.5725032818337877,0.9839762391484279,-28.30367833025793,0.4022788481458463,0.5032134342282575,-0.330290560341471,-50.15512067848596
150,20,0.1,1,0.3734000266266,0.41678994082840237,0.3983136423306069,0.6225769663131324,-25.4629519696944,0.3489940863570176,0.6086866383331606,-0.4520060827122332,-58.57409618617769
150,20,0.1,2,0.3728865136271135,0.36312868070127935,0.5417045339796022,0.5552478746785043,-29.746496791403825,0.3865417451074822,0.45760340002073185,-0.4608816176060829,-55.95090889123457
150,20,0.1,3,0.37471233762528766,0.36658799730276465,0.5489750580632131,0.7221089550994644,-25.34624484032173,0.38562120085713036,0.45703327459313775,-0.414227462975291,-47.930954593415116
150,20,0.1,4,0.37513075562486925,0.36986203700402837,0.5238311622740583,0.2744776491958423,-35.941001247800756,0.38035907419424614,0.4556857054006427,-0.557528970672668,-67.42515091366843
150,20,0.1,5,0.39848608760151394,0.39389290671341953,0.5444814702615369,0.9112607933807109,-24.3603072382429,0.40304847576211894,0.5016067171141287,-0.32571167873407525,-57.03085380142967
150,20,0.1,6,0.3970406436029594,0.3905380666929897,0.5493284863172776,0.8937364167335748,-27.97590150125949,0.40397834679498196,0.487353581424277,-0.3649081769778235,-51.1418081938914
150,20,0.1,7,0.39728789060271213,0.3920323530455142,0.5579622336665657,1.2043883038947545,-29.566798374953454,0.4026762429994442,0.4881828547735047,-0.24665705756057688,-54.18837050004731
150,20,0.1,8,0.39905665760094333,0.3930683194414761,0.5571543976572756,1.131400887562585,-34.95726339497028,0.4061374191588177,0.4849694205452472,-0.22465060305581275,-46.86249615371111
150,20,0.1,9,0.3989805816010194,0.3950445135685938,0.5578612541654044,1.0639298690766883,-28.99534932819424,0.40248399813488195,0.49212190318233645,-0.2986487126547821,-57.015678711535635
150,20,0.1,10,0.39705966260294034,0.3934180468303826,0.5564980308997274,0.7306016237054163,-30.45458998219389,0.40005201109570043,0.47838706333575204,-0.41506363045889394,-63.13416293701238
150,20,0.1,11,0.39987447460012554,0.40034295304462036,0.5540240331212763,0.9584853231532378,-30.49072469115326,0.3990855918938957,0.5021768425417228,-0.3932333359668454,-54.325792528022994
150,20,0.1,12,0.39894254360105746,0.3970001079097874,0.5572553771584369,0.3787895491412703,-39.89843929328349,0.400303387830777,0.4923810511039701,-0.5457755243856822,-63.443512359109754
150,20,0.2,1,0.3734951216265049,0.41810344827586204,0.3771079470867414,0.9900892690628309,-20.950702064570017,0.3505401123433674,0.6307142116720224,-0.3391901568808152,-49.28926957100097
150,20,0.2,2,0.3733049316266951,0.3636239456339856,0.537614864182571,0.3837863814132596,-33.01937984611372,0.388454441613215,0.45827718461697936,-0.523207500253943,-60.64583448384097
150,20,0.2,3,0.3745982236254018,0.36688159043589225,0.5516005250934061,1.2548009938596016,-23.92581377704384,0.3871743486973948,0.4506064061366228,-0.2006674891091893,-45.10771698806324
150,20,0.2,4,0.3752829076247171,0.3653418659481307,0.5476623245481167,0.8254032687871231,-34.757602008933986,0.3900131777108434,0.42951176531564217,-0.3755366958845481,-59.32211671965956
150,20,0.2,5,0.3892808916107191,0.3855434942056623,0.5307987478541856,0.6952631155816145,-25.25887509902494,0.39528273872650915,0.4829480667565046,-0.45330984694129284,-60.33712623483607
150,20,0.2,6,0.38633294661366707,0.3832489172722601,0.5272139755629607,1.028899628834123,-25.767287024947386,0.39325701346081265,0.4860578418161086,-0.3318783050327089,-58.640756882806976
150,20,0.2,7,0.3902888986097111,0.3888743112044083,0.5237806725234777,0.5339785420154439,-42.56185585377988,0.39224372100798194,0.4864724784907225,-0.46661653379260115,-65.40056819126934
150,20,0.2,8,0.39483443960516557,0.3893846876467825,0.5441280420074724,1.760391838338876,-26.531945407063393,0.4013777777777778,0.468072976054732,-0.009941686690410845,-45.14830223310265
150,20,0.2,9,0.39093554460906443,0.38762143870756466,0.5378673129354741,0.6379258217053045,-26.15357956699719,0.39544247408549643,0.4784907225044055,-0.430382984075541,-59.74004565821444
150,20,0.2,10,0.3924760836075239,0.3910706450197455,0.5399878824598606,0.7946869885077872,-21.834953786510376,0.3947792739791694,0.4695242044158806,-0.42361746049348503,-57.96923331529549
150,20,0.2,11,0.3945871926054128,0.39469665934229636,0.5350903766535393,1.3101609014484206,-26.75612745538997,0.395698190508706,0.4805639058774749,-0.3003301852617579,-50.39284697252768
150,20,0.2,12,0.39603263660396737,0.39571085228323166,0.5403413107139251,0.8222433708255146,-29.56429288446471,0.39684937419076394,0.4765730278843164,-0.41923874763599234,-50.31550801860571
150,31,0.05,1,0.3736662926263337,0.41733785502331494,0.3976572755730587,0.7145007000738759,-24.81230533207002,0.3492152965259442,0.6100860371099823,-0.41997529582362814,-56.9691594478042
150,31,0.05,2,0.3751117366248883,0.365691104027818,0.5734625870948198,0.5692937675948415,-31.51776113124039,0.38870817843866173,0.4335544728931274,-0.4674675228501761,-55.71610020694116
150,31,0.05,3,0.37461724262538276,0.3676285240464345,0.5596283954357265,1.1494999860389443,-29.398159420163132,0.3841177782734776,0.44625272105317715,-0.26558697220333816,-47.84145631790286
150,31,0.05,4,0.3764430666235569,0.36958671847403746,0.528274260325154,0.6090473202092173,-24.889816624214568,0.38296216216216217,0.4590027987975536,-0.45515783825655387,-58.01884213933614
150,31,0.05,5,0.3977823846022176,0.3945161290322581,0.5557406846410179,1.055153471232296,-26.643348149654965,0.4008846657929227,0.5073079713900694,-0.30144616078358677,-54.75531310420739
150,31,0.05,6,0.3968884916031115,0.3923736622014317,0.5590225184287589,1.1333802148425995,-28.500167148092455,0.4022712201591512,0.5030579454752773,-0.26310814220341183,-58.09786146442717
150,31,0.05,7,0.39917077160082926,0.3946705460738743,0.5615974957083713,1.1271194056458156,-28.13620168081846,0.40401374224903636,0.4997926816626931,-0.2826820866080204,-46.96718535297812
150,31,0.05,8,0.39825785960174215,0.3939095229713079,0.5649298192466929,0.6628760511336027,-33.13280071888066,0.4034219575610165,0.4986006012231782,-0.42561011128776316,-60.13370529646623
150,31,0.05,9,0.40014074059985927,0.39763499073942155,0.5636675754821772,1.0213253254508188,-24.259387509563314,0.40208411176153114,0.5019695242044159,-0.3068191903755897,-58.6155958733214
150,31,0.05,10,0.3987143156012857,0.39495065732119816,0.5718469150762395,0.34377748853254797,-28.766263345943425,0.4022827562797013,0.4913962890017622,-0.5512370693277753,-64.23504759705662
150,31,0.05,11,0.40093953859906045,0.4012031466913466,0.5690699787943048,0.719880588314127,-30.5190389968316,0.400592251377807,0.5048201513423862,-0.4206158453176342,-55.045797004289724
150,31,0.05,12,0.4001217215998783,0.40225563909774437,0.5618499444612743,0.594629172535486,-29.617016386089173,0.3976307916228673,0.509743961853426,-0.4661150490411654,-64.37918677096394
150,31,0.1,1,0.3736662926263337,0.4174679056776065,0.39240634151267295,0.7473004978633675,-25.79873725032249,0.3496554973205347,0.6154763138799627,-0.41220847462255594,-57.0201593000479
150,31,0.1,2,0.37222084862777916,0.36234555259744694,0.5359991921639907,0.3453770673424046,-32.449100070590504,0.38615023474178406,0.46040219757437545,-0.5447162347884378,-67.22797675687058
150,31,0.1,3,0.375397021624603,0.3668753172052106,0.5474603655457942,1.1617366823112296,-26.921498177125645,0.38718261931768605,0.45998756089976156,-0.2545811431007874,-45.421335422240254
150,31,0.1,4,0.37492154662507843,0.3658594411515665,0.5453902857719883,0.3252698417690829,-29.687031857974663,0.38711605664888726,0.436353270446771,-0.5389567666458419,-67.54806355188641
150,31,0.1,5,0.39004165160995835,0.38592613717382007,0.5466020397859235,0.24816442228465352,-28.899119509999565,0.39605605008731204,0.48196330465429665,-0.5753413509982999,-66.5066819875737
150,31,0.1,6,0.39230491260769507,0.38508660752006757,0.5522568918509543,0.4268450586844825,-36.071980423079744,0.4006731063420604,0.4751217995231678,-0.5079043811807873,-69.04802689610658
150,31,0.1,7,0.3918674756081325,0.3864979815455594,0.5414015954761183,0.7096444640733237,-28.6101972306855,0.3988932738503775,0.48196330465429665,-0.40874703170953053,-63.03181391721891
150,31,0.1,8,0.3920957036079043,0.38734002827828734,0.5394324952034737,0.6431940690476114,-31.038976148680522,0.39808795411089865,0.485591375557168,-0.457812298151826,-60.576169223655796
150,31,0.1,9,0.39744004260255994,0.3933338117106774,0.5535191356154701,0.9703773775322557,-30.18634046156163,0.4012725344644751,0.4903078677309008,-0.3242452373507787,-56.868862795813975
150,31,0.1,10,0.3970977006029023,0.39681610247026533,0.5474603655457942,0.19303699487998505,-34.042678395559584,0.39613750157781796,0.4879755364361978,-0.5861840043090587,-68.08114564086824
150,31,0.1,11,0.39924684760075313,0.39818346957311535,0.5533676663637281,1.4903488638829785,-26.233725248012156,0.3995469228510299,0.49362496112781173,-0.16491228110631584,-46.37927528934573
150,31,0.1,12,0.3967553586032446,0.39746863550571776,0.5422599212359891,0.44383855344390155,-30.036861194877048,0.3954124321456267,0.5021250129573961,-0.5367161787851129,-60.25190537111156
150,31,0.2,1,0.3734761026265239,0.41711258850872923,0.38962940523073814,0.725048554429989,-25.408588477556776,0.34978578555079526,0.6178086451746657,-0.42067133440944393,-58.17456390472756
150,31,0.2,2,0.37203065862796936,0.3631518196632265,0.5400888619610219,0.7155643535011293,-28.00899926609727,0.386651374123252,0.45428630662382086,-0.4272467025357545,-55.38924187815063
150,31,0.2,3,0.3706803096293197,0.38429785187560117,0.4841462183176815,0.4264255073518515,-25.601607567043473,0.3613620311512583,0.5038353892401783,-0.47159337157520853,-54.682593197285954
150,31,0.2,4,0.3786112326213888,0.37043923659837213,0.5331212763808947,1.0076387556097135,-21.51495891970283,0.390659645232816,0.4383227946511869,-0.3381646096905123,-53.707726637852396
150,31,0.2,5,0.39063124060936877,0.38584116077628744,0.5330202968797334,1.251532559714207,-29.643366416414626,0.39854914128392255,0.47268580905981133,-0.16043538715428407,-51.27639280941212
150,31,0.2,6,0.387378991612621,0.383908552945933,0.5273654448147026,1.0127095740607532,-35.9848222141895,0.3939912693657451,0.47714315331191043,-0.2986602754547403,-52.775180567211876
150,31,0.2,7,0.3889575686110424,0.38412514484356897,0.5355952741593456,0.6550045137200304,-32.495055509476195,0.3963322353779044,0.46149061884523684,-0.43456756090053905,-60.236511197320134
150,31,0.2,8,0.38926187261073814,0.3858233369683751,0.5358982126628294,1.6421475478013345,-31.97660672080782,0.395341723474917,0.4689022494039598,-0.17902870485085798,-50.98737704858974
150,31,0.2,9,0.3920957036079043,0.39192291768602505,0.5257497727961223,2.257322258416012,-26.82855679338442,0.3930222782681799,0.4846066134549601,0.1547330626679928,-27.578005555551382
150,31,0.2,10,0.38815877061184123,0.3888645010242903,0.5367060486721196,0.6311429351181634,-29.049507872653944,0.38946098496272996,0.4684876127293459,-0.4929564223672025,-62.758072725875714
150,31,0.2,11,0.3940736796059263,0.39521610153580417,0.5314046248611531,1.0641756118262444,-26.72972255021475,0.3946725003217089,0.47688400539027676,-0.2843749898963025,-48.73217285453993
150,31,0.2,12,0.390383993609616,0.3954048057759561,0.5308997273553469,0.7364534681238672,-31.85728809938037,0.3891987085412386,0.4810822017207422,-0.4364067556005983,-58.813529049366345
